{
    "18": {
        "date": "2023-08-25T09:10:48.862499+00:00",
        "page": "2",
        "related_object": "blog post",
        "score": 0
    },
    "19": {
        "date": "2023-08-25T09:12:40.079276+00:00",
        "page": "2",
        "related_object": "blog post",
        "score": 0
    },
    "20": {
        "date": "2023-08-25T16:23:40+00:00",
        "page": "2",
        "related_object": "blog post",
        "score": 0
    },
    "21": {
        "date": "2023-08-25T10:09:11.213208+00:00",
        "page": "2",
        "related_object": "blog post",
        "score": 0
    },
    "22": {
        "date": "2023-08-25T11:17:01.844610+00:00",
        "page": "1",
        "related_object": "problem",
        "score": 0
    },
    "23": {
        "date": "2023-08-25T17:06:25.872021+00:00",
        "page": "2",
        "related_object": "blog post",
        "score": 0
    },
    "24": {
        "date": "2023-08-26T15:27:58.008941+00:00",
        "page": "2",
        "related_object": "blog post",
        "score": 0
    },
    "25": {
        "date": "2023-08-26T15:29:31.894449+00:00",
        "page": "2",
        "related_object": "blog post",
        "score": 0
    },
    "26": {
        "date": "2023-08-26T15:51:37.304021+00:00",
        "page": "1",
        "related_object": "problem",
        "score": 0
    },
    "27": {
        "date": "2023-08-26T15:51:47.033543+00:00",
        "page": "1",
        "related_object": "problem",
        "score": 0
    },
    "28": {
        "date": "2023-08-26T15:51:54.361196+00:00",
        "page": "1",
        "related_object": "problem",
        "score": 0
    },
    "29": {
        "date": "2023-08-26T15:59:32.708633+00:00",
        "page": "1",
        "related_object": "problem",
        "score": 0
    },
    "30": {
        "date": "2023-08-26T16:03:15.247967+00:00",
        "page": "1",
        "related_object": "problem",
        "score": 0
    },
    "31": {
        "date": "2023-08-26T16:03:28.769404+00:00",
        "page": "1",
        "related_object": "problem",
        "score": 0
    },
    "32": {
        "date": "2023-08-26T16:03:39.890026+00:00",
        "page": "1",
        "related_object": "problem",
        "score": 0
    },
    "33": {
        "date": "2023-08-26T16:07:03.214423+00:00",
        "page": "b2007210",
        "related_object": "problem",
        "score": 0
    },
    "34": {
        "date": "2023-08-26T16:07:12.136435+00:00",
        "page": "b2007210",
        "related_object": "problem",
        "score": 0
    },
    "35": {
        "date": "2023-08-26T16:53:26.676467+00:00",
        "page": "1",
        "related_object": "problem",
        "score": 0
    },
    "38": {
        "date": "2023-08-27T18:38:35.298812+00:00",
        "page": "aplusb",
        "related_object": "problem",
        "score": 0
    },
    "39": {
        "date": "2023-08-27T18:55:36.837652+00:00",
        "page": "5",
        "related_object": "blog post",
        "score": 0
    },
    "40": {
        "date": "2023-08-27T18:56:33.587034+00:00",
        "page": "aplusb",
        "related_object": "problem",
        "score": 0
    },
    "41": {
        "date": "2023-08-27T18:56:44.358648+00:00",
        "page": "aplusb",
        "related_object": "problem",
        "score": 0
    },
    "42": {
        "date": "2023-08-27T18:56:52.637167+00:00",
        "page": "aplusb",
        "related_object": "problem",
        "score": 0
    },
    "43": {
        "date": "2023-08-27T18:57:08.929139+00:00",
        "page": "aplusb",
        "related_object": "problem",
        "score": 0
    },
    "44": {
        "date": "2023-08-27T18:57:25.038399+00:00",
        "page": "aplusb",
        "related_object": "problem",
        "score": 0
    },
    "45": {
        "date": "2023-08-27T18:57:37.360145+00:00",
        "page": "aplusb",
        "related_object": "problem",
        "score": 0
    },
    "46": {
        "date": "2023-08-27T18:57:50.134587+00:00",
        "page": "aplusb",
        "related_object": "problem",
        "score": 0
    },
    "47": {
        "date": "2023-08-27T18:57:57.108313+00:00",
        "page": "aplusb",
        "related_object": "problem",
        "score": 0
    },
    "48": {
        "date": "2023-08-27T18:58:03.826932+00:00",
        "page": "aplusb",
        "related_object": "problem",
        "score": 0
    },
    "49": {
        "date": "2023-08-27T18:58:11.525626+00:00",
        "page": "aplusb",
        "related_object": "problem",
        "score": 0
    },
    "50": {
        "date": "2023-08-27T18:58:23.110073+00:00",
        "page": "aplusb",
        "related_object": "problem",
        "score": 0
    },
    "51": {
        "date": "2023-08-27T18:58:31.834967+00:00",
        "page": "aplusb",
        "related_object": "problem",
        "score": 0
    },
    "52": {
        "date": "2023-08-27T18:58:55.660419+00:00",
        "page": "aplusb",
        "related_object": "problem",
        "score": 0
    },
    "53": {
        "date": "2023-08-27T18:59:07.372943+00:00",
        "page": "aplusb",
        "related_object": "problem",
        "score": 0
    },
    "54": {
        "date": "2023-08-28T06:07:08.911944+00:00",
        "page": "2",
        "related_object": "blog post",
        "score": 0
    },
    "55": {
        "date": "2023-08-28T06:09:14.669124+00:00",
        "page": "2",
        "related_object": "blog post",
        "score": 0
    },
    "58": {
        "date": "2023-08-29T16:52:01.590045+00:00",
        "page": "ctu_aplusb",
        "related_object": "problem",
        "score": 0
    },
    "59": {
        "date": "2023-08-29T16:58:18.111159+00:00",
        "page": "4",
        "related_object": "blog post",
        "score": 0
    },
    "61": {
        "date": "2023-08-29T18:01:47.012501+00:00",
        "page": "6",
        "related_object": "blog post",
        "score": 0
    }
}