{
    "1": {
        "case_points": 1.0,
        "case_total": 1.0,
        "date": "2023-08-25T05:19:03.641647+00:00",
        "language": "CPP11",
        "memory": 3328.0,
        "problem": "test2",
        "result": "AC",
        "status": "D",
        "time": 0.006470028
    },
    "2": {
        "case_points": 1.0,
        "case_total": 1.0,
        "date": "2023-08-25T05:20:20.300166+00:00",
        "language": "CPP11",
        "memory": 3328.0,
        "problem": "test2",
        "result": "AC",
        "status": "D",
        "time": 0.006010655
    },
    "3": {
        "case_points": 0.0,
        "case_total": 1.0,
        "date": "2023-08-25T05:37:02.022404+00:00",
        "language": "CPP03",
        "memory": 384.0,
        "problem": "ctu_xxxxx",
        "result": "MLE",
        "status": "D",
        "time": 0.002431755
    },
    "4": {
        "case_points": 0.0,
        "case_total": 1.0,
        "date": "2023-08-25T05:52:02.893996+00:00",
        "language": "C",
        "memory": 1152.0,
        "problem": "test2",
        "result": "WA",
        "status": "D",
        "time": 0.002418735
    },
    "5": {
        "case_points": 0.0,
        "case_total": 1.0,
        "date": "2023-08-25T05:52:13.777634+00:00",
        "language": "C",
        "memory": 1152.0,
        "problem": "test2",
        "result": "WA",
        "status": "D",
        "time": 0.002463693
    },
    "6": {
        "case_points": 0.0,
        "case_total": 1.0,
        "date": "2023-08-25T05:53:50.603134+00:00",
        "language": "C",
        "memory": 1152.0,
        "problem": "test2",
        "result": "WA",
        "status": "D",
        "time": 0.002509369
    },
    "7": {
        "case_points": 0.0,
        "case_total": 1.0,
        "date": "2023-08-25T05:53:54.720450+00:00",
        "language": "C",
        "memory": 1152.0,
        "problem": "test2",
        "result": "WA",
        "status": "D",
        "time": 0.002569959
    },
    "8": {
        "case_points": 0.0,
        "case_total": 1.0,
        "date": "2023-08-25T05:53:57.142004+00:00",
        "language": "C",
        "memory": 1152.0,
        "problem": "test2",
        "result": "WA",
        "status": "D",
        "time": 0.002452464
    },
    "9": {
        "case_points": 0.0,
        "case_total": 1.0,
        "date": "2023-08-25T05:58:15.059206+00:00",
        "language": "CPP03",
        "memory": 3328.0,
        "problem": "test2",
        "result": "WA",
        "status": "D",
        "time": 0.003406947
    },
    "10": {
        "case_points": 0.0,
        "case_total": 1.0,
        "date": "2023-08-25T05:58:51.123990+00:00",
        "language": "CPP03",
        "memory": 3200.0,
        "problem": "test2",
        "result": "WA",
        "status": "D",
        "time": 0.003951166
    },
    "11": {
        "case_points": 0.0,
        "case_total": 1.0,
        "date": "2023-08-25T05:58:57.516435+00:00",
        "language": "CPP03",
        "memory": 3200.0,
        "problem": "test2",
        "result": "WA",
        "status": "D",
        "time": 0.003116944
    },
    "12": {
        "case_points": 0.0,
        "case_total": 1.0,
        "date": "2023-08-25T05:59:02.333128+00:00",
        "language": "CPP03",
        "memory": 3328.0,
        "problem": "test2",
        "result": "WA",
        "status": "D",
        "time": 0.003114019
    },
    "13": {
        "case_points": 0.0,
        "case_total": 1.0,
        "date": "2023-08-25T05:59:06.720672+00:00",
        "language": "CPP03",
        "memory": 3328.0,
        "problem": "test2",
        "result": "WA",
        "status": "D",
        "time": 0.003057308
    },
    "14": {
        "case_points": 0.0,
        "case_total": 1.0,
        "date": "2023-08-25T05:59:11.115063+00:00",
        "language": "CPP03",
        "memory": 3200.0,
        "problem": "test2",
        "result": "WA",
        "status": "D",
        "time": 0.003270459
    },
    "15": {
        "case_points": 0.0,
        "case_total": 1.0,
        "date": "2023-08-25T07:40:19.044156+00:00",
        "language": "CPP03",
        "memory": 384.0,
        "problem": "ctu_xxxxx",
        "result": "MLE",
        "status": "D",
        "time": 0.002227226
    },
    "16": {
        "case_points": 0.0,
        "case_total": 1.0,
        "date": "2023-08-25T07:43:56.921439+00:00",
        "language": "CPP03",
        "memory": 384.0,
        "problem": "ctu_xxxxx",
        "result": "MLE",
        "status": "D",
        "time": 0.00262677
    },
    "17": {
        "case_points": 0.0,
        "case_total": 1.0,
        "date": "2023-08-25T07:44:06.731189+00:00",
        "language": "CPP03",
        "memory": 256.0,
        "problem": "ctu_xxxxx",
        "result": "MLE",
        "status": "D",
        "time": 0.002924853
    },
    "18": {
        "case_points": 0.0,
        "case_total": 1.0,
        "date": "2023-08-25T07:46:13.704979+00:00",
        "language": "CPP03",
        "memory": 384.0,
        "problem": "ctu_xxxxx",
        "result": "MLE",
        "status": "D",
        "time": 0.00211616
    },
    "19": {
        "case_points": 0.0,
        "case_total": 1.0,
        "date": "2023-08-25T07:48:34.288361+00:00",
        "language": "CPP03",
        "memory": 256.0,
        "problem": "ctu_xxxxx",
        "result": "MLE",
        "status": "D",
        "time": 0.00316631
    },
    "20": {
        "case_points": 0.0,
        "case_total": 1.0,
        "date": "2023-08-25T07:48:50.890636+00:00",
        "language": "CPP03",
        "memory": 256.0,
        "problem": "ctu_xxxxx",
        "result": "MLE",
        "status": "D",
        "time": 0.004927009
    },
    "21": {
        "case_points": 0.0,
        "case_total": 1.0,
        "date": "2023-08-25T07:49:29.996086+00:00",
        "language": "CPP03",
        "memory": 256.0,
        "problem": "ctu_xxxxx",
        "result": "MLE",
        "status": "D",
        "time": 0.003743485
    },
    "22": {
        "case_points": 0.0,
        "case_total": 1.0,
        "date": "2023-08-25T07:53:51.701710+00:00",
        "language": "CPP03",
        "memory": 384.0,
        "problem": "ctu_xxxxx",
        "result": "MLE",
        "status": "D",
        "time": 0.002248682
    },
    "23": {
        "case_points": 1.0,
        "case_total": 1.0,
        "date": "2023-08-25T09:02:53.587895+00:00",
        "language": "CPP11",
        "memory": 3328.0,
        "problem": "ctu_xxxxx",
        "result": "AC",
        "status": "D",
        "time": 0.004309106
    },
    "24": {
        "case_points": 1.0,
        "case_total": 1.0,
        "date": "2023-08-25T09:05:00.579456+00:00",
        "language": "CPP11",
        "memory": 3456.0,
        "problem": "1",
        "result": "AC",
        "status": "D",
        "time": 0.003165087
    },
    "25": {
        "case_points": 0.0,
        "case_total": 1.0,
        "date": "2023-08-25T14:14:39.739671+00:00",
        "language": "PY3",
        "memory": 4352.0,
        "problem": "testt",
        "result": "MLE",
        "status": "D",
        "time": 0.126265394
    },
    "26": {
        "case_points": 0.0,
        "case_total": 1.0,
        "date": "2023-08-25T14:57:49.754057+00:00",
        "language": "C",
        "memory": 1024.0,
        "problem": "test2",
        "result": "WA",
        "status": "D",
        "time": 0.003574948
    },
    "27": {
        "case_points": 0.0,
        "case_total": 1.0,
        "date": "2023-08-25T15:11:10.940281+00:00",
        "language": "C",
        "memory": 1152.0,
        "problem": "1",
        "result": "WA",
        "status": "D",
        "time": 0.004972266
    },
    "28": {
        "case_points": 0.0,
        "case_total": 1.0,
        "date": "2023-08-25T15:33:37.894197+00:00",
        "language": "C",
        "memory": 1152.0,
        "problem": "1",
        "result": "WA",
        "status": "D",
        "time": 0.002984908
    },
    "51": {
        "case_points": 0.0,
        "case_total": 1.0,
        "date": "2023-08-26T13:41:53.128068+00:00",
        "language": "C",
        "memory": 1024.0,
        "problem": "testt",
        "result": "MLE",
        "status": "D",
        "time": 0.002667473
    },
    "55": {
        "case_points": 1.0,
        "case_total": 1.0,
        "date": "2023-08-26T19:37:28.953471+00:00",
        "language": "CPP11",
        "memory": 3328.0,
        "problem": "ctu_xxx",
        "result": "AC",
        "status": "D",
        "time": 0.003028492
    },
    "56": {
        "case_points": 0.0,
        "case_total": 1.0,
        "date": "2023-08-26T19:39:04.023525+00:00",
        "language": "C",
        "memory": 896.0,
        "problem": "ctu_xxx",
        "result": "WA",
        "status": "D",
        "time": 0.002885435
    },
    "57": {
        "case_points": 1.0,
        "case_total": 2.0,
        "date": "2023-08-27T09:26:40.303701+00:00",
        "language": "CPP03",
        "memory": 3200.0,
        "problem": "1",
        "result": "WA",
        "status": "D",
        "time": 0.007445266000000001
    },
    "58": {
        "case_points": 2.0,
        "case_total": 2.0,
        "date": "2023-08-27T09:27:31.369463+00:00",
        "language": "CPP11",
        "memory": 3328.0,
        "problem": "1",
        "result": "AC",
        "status": "D",
        "time": 0.007226476000000001
    },
    "59": {
        "case_points": 0.0,
        "case_total": 1.0,
        "date": "2023-08-27T09:52:09.690662+00:00",
        "language": "C",
        "memory": 1024.0,
        "problem": "ctu_xxxxx",
        "result": "WA",
        "status": "D",
        "time": 0.002109232
    },
    "60": {
        "case_points": 0.0,
        "case_total": 1.0,
        "date": "2023-08-27T09:52:27.368772+00:00",
        "language": "C",
        "memory": 1152.0,
        "problem": "ctu_xxxxx",
        "result": "WA",
        "status": "D",
        "time": 0.003754803
    },
    "61": {
        "case_points": 1.0,
        "case_total": 2.0,
        "date": "2023-08-27T10:34:24.537270+00:00",
        "language": "CPP03",
        "memory": 3328.0,
        "problem": "testtetst",
        "result": "WA",
        "status": "D",
        "time": 0.006325915
    },
    "62": {
        "case_points": 0.0,
        "case_total": 0.0,
        "date": "2023-08-27T14:47:41.429361+00:00",
        "language": "PY3",
        "memory": null,
        "problem": "1",
        "result": "IE",
        "status": "IE",
        "time": null
    },
    "63": {
        "case_points": 0.0,
        "case_total": 1.0,
        "date": "2023-08-27T17:41:48.400523+00:00",
        "language": "CPP03",
        "memory": 3328.0,
        "problem": "test2",
        "result": "WA",
        "status": "D",
        "time": 0.007991199
    },
    "64": {
        "case_points": 0.0,
        "case_total": 1.0,
        "date": "2023-08-27T17:42:09.500979+00:00",
        "language": "CPP03",
        "memory": 3328.0,
        "problem": "test2",
        "result": "WA",
        "status": "D",
        "time": 0.006016271
    },
    "65": {
        "case_points": 0.0,
        "case_total": 1.0,
        "date": "2023-08-27T17:45:17.233240+00:00",
        "language": "CPP03",
        "memory": 3200.0,
        "problem": "test2",
        "result": "WA",
        "status": "D",
        "time": 0.00730981
    },
    "66": {
        "case_points": 2.0,
        "case_total": 2.0,
        "date": "2023-08-27T17:58:13.714676+00:00",
        "language": "CPP11",
        "memory": 3328.0,
        "problem": "aplusb1",
        "result": "AC",
        "status": "D",
        "time": 0.0065173539999999995
    },
    "67": {
        "case_points": 2.0,
        "case_total": 2.0,
        "date": "2023-08-27T18:17:51.560447+00:00",
        "language": "CPP11",
        "memory": 3328.0,
        "problem": "aplusb1",
        "result": "AC",
        "status": "D",
        "time": 0.0066924540000000005
    },
    "68": {
        "case_points": 1.0,
        "case_total": 1.0,
        "date": "2023-08-27T18:18:56.937863+00:00",
        "language": "CPP03",
        "memory": 3328.0,
        "problem": "ctu_xxxxx",
        "result": "AC",
        "status": "D",
        "time": 0.002991014
    },
    "69": {
        "case_points": 1.0,
        "case_total": 1.0,
        "date": "2023-08-27T18:21:03.492193+00:00",
        "language": "CPP03",
        "memory": 3072.0,
        "problem": "ctu_xxx",
        "result": "AC",
        "status": "D",
        "time": 0.003284693
    },
    "72": {
        "case_points": 0.0,
        "case_total": 0.0,
        "date": "2023-08-27T19:00:16.681147+00:00",
        "language": "CPP03",
        "memory": null,
        "problem": "test2",
        "result": "CE",
        "status": "CE",
        "time": null
    },
    "74": {
        "case_points": 0.0,
        "case_total": 2.0,
        "date": "2023-08-28T07:15:42.688237+00:00",
        "language": "CPP03",
        "memory": 3328.0,
        "problem": "aplusb1",
        "result": "WA",
        "status": "D",
        "time": 0.007343583
    },
    "76": {
        "case_points": 2.0,
        "case_total": 2.0,
        "date": "2023-08-28T11:17:11.507447+00:00",
        "language": "CPP11",
        "memory": 3200.0,
        "problem": "aplusb1",
        "result": "AC",
        "status": "D",
        "time": 0.0071455170000000005
    },
    "82": {
        "case_points": 1.0,
        "case_total": 1.0,
        "date": "2023-08-28T11:54:59.386837+00:00",
        "language": "CPP03",
        "memory": 3328.0,
        "problem": "test2",
        "result": "AC",
        "status": "D",
        "time": 0.007946752
    },
    "83": {
        "case_points": 1.0,
        "case_total": 1.0,
        "date": "2023-08-28T12:12:59.339360+00:00",
        "language": "CPP03",
        "memory": 3328.0,
        "problem": "test2",
        "result": "AC",
        "status": "D",
        "time": 0.006023835
    },
    "85": {
        "case_points": 0.0,
        "case_total": 1.0,
        "date": "2023-08-29T11:25:23.432584+00:00",
        "language": "CPP03",
        "memory": 3328.0,
        "problem": "ctu_aplusb",
        "result": "WA",
        "status": "D",
        "time": 0.003091879
    },
    "86": {
        "case_points": 0.0,
        "case_total": 1.0,
        "date": "2023-08-29T11:31:04.979966+00:00",
        "language": "CPP03",
        "memory": 3328.0,
        "problem": "ctu_aplusb",
        "result": "WA",
        "status": "D",
        "time": 0.003129148
    },
    "99": {
        "case_points": 0.0,
        "case_total": 10.0,
        "date": "2023-08-29T17:41:43.026009+00:00",
        "language": "CPP11",
        "memory": 3328.0,
        "problem": "graph1",
        "result": "WA",
        "status": "D",
        "time": 0.072098712
    },
    "100": {
        "case_points": 0.0,
        "case_total": 10.0,
        "date": "2023-08-29T17:42:53.593009+00:00",
        "language": "CPP11",
        "memory": 3328.0,
        "problem": "graph1",
        "result": "WA",
        "status": "D",
        "time": 0.08558806499999999
    },
    "101": {
        "case_points": 0.0,
        "case_total": 10.0,
        "date": "2023-08-29T17:43:49.764741+00:00",
        "language": "CPP11",
        "memory": 3328.0,
        "problem": "graph1",
        "result": "WA",
        "status": "D",
        "time": 0.066679364
    },
    "102": {
        "case_points": 0.0,
        "case_total": 10.0,
        "date": "2023-08-29T17:44:16.929932+00:00",
        "language": "CPP11",
        "memory": 3328.0,
        "problem": "graph1",
        "result": "WA",
        "status": "D",
        "time": 0.065096646
    },
    "103": {
        "case_points": 3.0,
        "case_total": 10.0,
        "date": "2023-08-29T17:45:40.034330+00:00",
        "language": "CPP11",
        "memory": 3328.0,
        "problem": "graph1",
        "result": "WA",
        "status": "D",
        "time": 0.067192234
    },
    "104": {
        "case_points": 3.0,
        "case_total": 10.0,
        "date": "2023-08-29T17:51:17.157513+00:00",
        "language": "CPP11",
        "memory": 3328.0,
        "problem": "graph1",
        "result": "WA",
        "status": "D",
        "time": 0.074238164
    },
    "105": {
        "case_points": 0.0,
        "case_total": 0.0,
        "date": "2023-08-29T17:54:05.198293+00:00",
        "language": "CPP03",
        "memory": null,
        "problem": "graph1",
        "result": "CE",
        "status": "CE",
        "time": null
    },
    "106": {
        "case_points": 3.0,
        "case_total": 11.0,
        "date": "2023-08-29T17:54:30.319593+00:00",
        "language": "CPP11",
        "memory": 3328.0,
        "problem": "graph1",
        "result": "RTE",
        "status": "D",
        "time": 0.324238062
    },
    "110": {
        "case_points": 109.0,
        "case_total": 110.0,
        "date": "2023-08-30T15:05:19.416341+00:00",
        "language": "PY3",
        "memory": 9088.0,
        "problem": "daycondainhat",
        "result": "WA",
        "status": "D",
        "time": 0.5474708309999999
    },
    "112": {
        "case_points": 0.0,
        "case_total": 110.0,
        "date": "2023-08-30T18:35:08.651923+00:00",
        "language": "CPP03",
        "memory": 3328.0,
        "problem": "daycondainhat",
        "result": "WA",
        "status": "D",
        "time": 0.096108777
    },
    "113": {
        "case_points": 0.0,
        "case_total": 110.0,
        "date": "2023-08-30T18:35:44.134234+00:00",
        "language": "CPP03",
        "memory": 3072.0,
        "problem": "daycondainhat",
        "result": "TLE",
        "status": "D",
        "time": 32.99811012400001
    },
    "114": {
        "case_points": 0.0,
        "case_total": 110.0,
        "date": "2023-08-30T18:36:52.859719+00:00",
        "language": "CPP03",
        "memory": 3072.0,
        "problem": "daycondainhat",
        "result": "TLE",
        "status": "D",
        "time": 32.998018335
    },
    "115": {
        "case_points": 0.0,
        "case_total": 110.0,
        "date": "2023-08-30T18:38:00.869126+00:00",
        "language": "CPP03",
        "memory": 3072.0,
        "problem": "daycondainhat",
        "result": "TLE",
        "status": "D",
        "time": 32.998477045
    },
    "116": {
        "case_points": 0.0,
        "case_total": 110.0,
        "date": "2023-08-30T18:38:47.970921+00:00",
        "language": "CPP03",
        "memory": 3072.0,
        "problem": "daycondainhat",
        "result": "TLE",
        "status": "D",
        "time": 32.996837977
    },
    "117": {
        "case_points": 0.0,
        "case_total": 110.0,
        "date": "2023-08-30T18:45:24.043837+00:00",
        "language": "CPP03",
        "memory": 3328.0,
        "problem": "daycondainhat",
        "result": "WA",
        "status": "D",
        "time": 0.08873292599999999
    },
    "118": {
        "case_points": 0.0,
        "case_total": 110.0,
        "date": "2023-08-30T18:47:24.888516+00:00",
        "language": "CPP03",
        "memory": 3072.0,
        "problem": "daycondainhat",
        "result": "TLE",
        "status": "D",
        "time": 32.99786001
    },
    "119": {
        "case_points": 0.0,
        "case_total": 110.0,
        "date": "2023-08-30T19:04:43.159112+00:00",
        "language": "CPP03",
        "memory": 3072.0,
        "problem": "daycondainhat",
        "result": "TLE",
        "status": "D",
        "time": 32.995572917
    },
    "120": {
        "case_points": 0.0,
        "case_total": 110.0,
        "date": "2023-08-30T19:05:27.543641+00:00",
        "language": "CPP03",
        "memory": 3072.0,
        "problem": "daycondainhat",
        "result": "TLE",
        "status": "D",
        "time": 32.996950507
    },
    "121": {
        "case_points": 0.0,
        "case_total": 110.0,
        "date": "2023-08-30T19:06:12.517020+00:00",
        "language": "CPP03",
        "memory": 3072.0,
        "problem": "daycondainhat",
        "result": "TLE",
        "status": "D",
        "time": 32.995396114
    },
    "122": {
        "case_points": 0.0,
        "case_total": 110.0,
        "date": "2023-08-30T19:06:55.008848+00:00",
        "language": "CPP03",
        "memory": 3072.0,
        "problem": "daycondainhat",
        "result": "TLE",
        "status": "D",
        "time": 33.000026960999996
    },
    "127": {
        "case_points": 0.0,
        "case_total": 0.0,
        "date": "2023-08-31T07:27:12.180051+00:00",
        "language": "CPP03",
        "memory": null,
        "problem": "aplusb",
        "result": "IE",
        "status": "IE",
        "time": null
    },
    "128": {
        "case_points": 0.0,
        "case_total": 110.0,
        "date": "2023-08-31T09:33:09.361923+00:00",
        "language": "CPP03",
        "memory": 3072.0,
        "problem": "daycondainhat",
        "result": "TLE",
        "status": "D",
        "time": 32.994789334000004
    },
    "129": {
        "case_points": 0.0,
        "case_total": 110.0,
        "date": "2023-08-31T09:33:14.207475+00:00",
        "language": "CPP03",
        "memory": 3072.0,
        "problem": "daycondainhat",
        "result": "TLE",
        "status": "D",
        "time": 32.99377103
    },
    "130": {
        "case_points": 0.0,
        "case_total": 110.0,
        "date": "2023-08-31T09:35:44.550223+00:00",
        "language": "CPP03",
        "memory": 3072.0,
        "problem": "daycondainhat",
        "result": "TLE",
        "status": "D",
        "time": 32.99755782300001
    },
    "131": {
        "case_points": 0.0,
        "case_total": 110.0,
        "date": "2023-08-31T09:38:33.485352+00:00",
        "language": "CPP03",
        "memory": 3072.0,
        "problem": "daycondainhat",
        "result": "TLE",
        "status": "D",
        "time": 32.993167602
    },
    "132": {
        "case_points": 0.0,
        "case_total": 110.0,
        "date": "2023-08-31T09:40:02.641705+00:00",
        "language": "CPP03",
        "memory": 3072.0,
        "problem": "daycondainhat",
        "result": "TLE",
        "status": "D",
        "time": 32.993950263
    },
    "133": {
        "case_points": 0.0,
        "case_total": 110.0,
        "date": "2023-08-31T09:47:20.386610+00:00",
        "language": "CPP03",
        "memory": 3072.0,
        "problem": "daycondainhat",
        "result": "TLE",
        "status": "D",
        "time": 32.997210716
    },
    "134": {
        "case_points": 0.0,
        "case_total": 110.0,
        "date": "2023-08-31T09:50:43.384372+00:00",
        "language": "CPP03",
        "memory": 3072.0,
        "problem": "daycondainhat",
        "result": "TLE",
        "status": "D",
        "time": 32.993688141999996
    },
    "135": {
        "case_points": 0.0,
        "case_total": 110.0,
        "date": "2023-08-31T09:52:34.971930+00:00",
        "language": "CPP03",
        "memory": 3072.0,
        "problem": "daycondainhat",
        "result": "TLE",
        "status": "D",
        "time": 32.994422388
    },
    "136": {
        "case_points": 0.0,
        "case_total": 110.0,
        "date": "2023-08-31T09:57:47.062390+00:00",
        "language": "CPP03",
        "memory": 3072.0,
        "problem": "daycondainhat",
        "result": "TLE",
        "status": "D",
        "time": 32.993794776
    },
    "137": {
        "case_points": 0.0,
        "case_total": 110.0,
        "date": "2023-08-31T09:59:03.292642+00:00",
        "language": "CPP03",
        "memory": 3072.0,
        "problem": "daycondainhat",
        "result": "TLE",
        "status": "D",
        "time": 32.995121925999996
    },
    "142": {
        "case_points": 0.0,
        "case_total": 110.0,
        "date": "2023-09-01T09:31:51.977908+00:00",
        "language": "C",
        "memory": 1152.0,
        "problem": "daycondainhat",
        "result": "WA",
        "status": "D",
        "time": 0.065561327
    },
    "143": {
        "case_points": 0.0,
        "case_total": 0.0,
        "date": "2023-09-01T09:32:08.112156+00:00",
        "language": "C",
        "memory": null,
        "problem": "daycondainhat",
        "result": "CE",
        "status": "CE",
        "time": null
    },
    "144": {
        "case_points": 109.0,
        "case_total": 110.0,
        "date": "2023-09-01T09:37:50.116323+00:00",
        "language": "PY3",
        "memory": 9088.0,
        "problem": "daycondainhat",
        "result": "WA",
        "status": "D",
        "time": 0.556488224
    },
    "145": {
        "case_points": 21.0,
        "case_total": 22.0,
        "date": "2023-09-01T09:43:26.798029+00:00",
        "language": "PY3",
        "memory": 9088.0,
        "problem": "daycondainhat",
        "result": "WA",
        "status": "D",
        "time": 0.5783340859999999
    },
    "146": {
        "case_points": 3.0,
        "case_total": 11.0,
        "date": "2023-09-01T09:48:30.081796+00:00",
        "language": "CPP11",
        "memory": 3328.0,
        "problem": "graph1",
        "result": "RTE",
        "status": "D",
        "time": 0.311883441
    },
    "147": {
        "case_points": 0.0,
        "case_total": 22.0,
        "date": "2023-09-01T10:10:56.388697+00:00",
        "language": "PY3",
        "memory": 8576.0,
        "problem": "daycondainhat",
        "result": "WA",
        "status": "D",
        "time": 0.060856416
    },
    "148": {
        "case_points": 3.0,
        "case_total": 11.0,
        "date": "2023-09-01T10:11:41.852406+00:00",
        "language": "CPP11",
        "memory": 3328.0,
        "problem": "graph1",
        "result": "RTE",
        "status": "D",
        "time": 0.320569634
    },
    "149": {
        "case_points": 3.0,
        "case_total": 11.0,
        "date": "2023-09-01T10:11:51.646617+00:00",
        "language": "CPP11",
        "memory": 3328.0,
        "problem": "graph1",
        "result": "RTE",
        "status": "D",
        "time": 0.340224847
    },
    "150": {
        "case_points": 3.0,
        "case_total": 11.0,
        "date": "2023-09-01T10:12:29.855373+00:00",
        "language": "CPP11",
        "memory": 3328.0,
        "problem": "graph1",
        "result": "RTE",
        "status": "D",
        "time": 0.32479256999999995
    },
    "151": {
        "case_points": 3.0,
        "case_total": 11.0,
        "date": "2023-09-01T10:12:41.006620+00:00",
        "language": "CPP11",
        "memory": 3328.0,
        "problem": "graph1",
        "result": "RTE",
        "status": "D",
        "time": 0.302021424
    },
    "152": {
        "case_points": 3.0,
        "case_total": 11.0,
        "date": "2023-09-01T10:14:52.160439+00:00",
        "language": "CPP11",
        "memory": 3328.0,
        "problem": "graph1",
        "result": "RTE",
        "status": "D",
        "time": 0.329028993
    },
    "153": {
        "case_points": 3.0,
        "case_total": 11.0,
        "date": "2023-09-01T10:17:06.940619+00:00",
        "language": "CPP11",
        "memory": 3328.0,
        "problem": "graph1",
        "result": "RTE",
        "status": "D",
        "time": 0.34143432
    },
    "154": {
        "case_points": 3.0,
        "case_total": 11.0,
        "date": "2023-09-01T10:17:56.651484+00:00",
        "language": "CPP11",
        "memory": 3328.0,
        "problem": "graph1",
        "result": "RTE",
        "status": "D",
        "time": 0.295240406
    },
    "155": {
        "case_points": 1.0,
        "case_total": 1.0,
        "date": "2023-09-01T14:47:12.234625+00:00",
        "language": "CPP11",
        "memory": 3328.0,
        "problem": "ctu_aplusb2",
        "result": "AC",
        "status": "D",
        "time": 0.008263133
    },
    "156": {
        "case_points": 10000.0,
        "case_total": 10000.0,
        "date": "2023-09-01T14:48:21.760838+00:00",
        "language": "CPP11",
        "memory": 3328.0,
        "problem": "aplusb3",
        "result": "AC",
        "status": "D",
        "time": 0.008410091
    },
    "157": {
        "case_points": 1.0,
        "case_total": 1.0,
        "date": "2023-09-01T15:02:08.687918+00:00",
        "language": "C",
        "memory": 1536.0,
        "problem": "aplusb4",
        "result": "AC",
        "status": "D",
        "time": 0.005502831
    },
    "158": {
        "case_points": 1.0,
        "case_total": 1.0,
        "date": "2023-09-01T15:07:07.357398+00:00",
        "language": "CPP11",
        "memory": 3328.0,
        "problem": "apb",
        "result": "AC",
        "status": "D",
        "time": 0.009269389
    },
    "159": {
        "case_points": 1.0,
        "case_total": 1.0,
        "date": "2023-09-01T15:08:23.276956+00:00",
        "language": "CPP11",
        "memory": 3200.0,
        "problem": "apb1",
        "result": "AC",
        "status": "D",
        "time": 0.007992217
    },
    "160": {
        "case_points": 1.0,
        "case_total": 1.0,
        "date": "2023-09-01T15:09:30.200443+00:00",
        "language": "CPP11",
        "memory": 3328.0,
        "problem": "apb1",
        "result": "AC",
        "status": "D",
        "time": 0.008613013
    },
    "161": {
        "case_points": 0.0,
        "case_total": 1.0,
        "date": "2023-09-01T15:10:09.913414+00:00",
        "language": "C",
        "memory": 1024.0,
        "problem": "apb2",
        "result": "WA",
        "status": "D",
        "time": 0.006701104
    },
    "162": {
        "case_points": 1.0,
        "case_total": 1.0,
        "date": "2023-09-01T15:10:40.018299+00:00",
        "language": "CPP11",
        "memory": 3200.0,
        "problem": "apb2",
        "result": "AC",
        "status": "D",
        "time": 0.008307135
    },
    "163": {
        "case_points": 1.0,
        "case_total": 1.0,
        "date": "2023-09-01T15:11:57.380725+00:00",
        "language": "CPP11",
        "memory": 3200.0,
        "problem": "apb3",
        "result": "AC",
        "status": "D",
        "time": 0.00899066
    },
    "164": {
        "case_points": 1.0,
        "case_total": 1.0,
        "date": "2023-09-01T15:13:07.617023+00:00",
        "language": "CPP11",
        "memory": 3072.0,
        "problem": "apb4",
        "result": "AC",
        "status": "D",
        "time": 0.009453338
    },
    "165": {
        "case_points": 1.0,
        "case_total": 1.0,
        "date": "2023-09-01T15:14:31.929858+00:00",
        "language": "CPP11",
        "memory": 3200.0,
        "problem": "apb5",
        "result": "AC",
        "status": "D",
        "time": 0.007358847
    },
    "166": {
        "case_points": 1.0,
        "case_total": 1.0,
        "date": "2023-09-01T15:14:43.761347+00:00",
        "language": "CPP11",
        "memory": 3200.0,
        "problem": "apb5",
        "result": "AC",
        "status": "D",
        "time": 0.008843152
    },
    "167": {
        "case_points": 0.0,
        "case_total": 1.0,
        "date": "2023-09-01T15:15:09.314175+00:00",
        "language": "CPP11",
        "memory": 3072.0,
        "problem": "apb5",
        "result": "TLE",
        "status": "D",
        "time": 2.999881935
    }
}